<?xml version="1.0"?>
<torcedores>
	<torcedor nome="Sra. Elizabeth Flores Franco Filho" documento="873.335.385-91" cep="52927-611" endereco="Av. Quintana, 59571. Bloco C" bairro="Evandro do Sul" cidade="So Irene" uf="PR" telefone="(41) 3529-4394" email="dserna@terra.com.br" ativo="1"/>
	<torcedor nome="Emlio Christian Valdez Filho" documento="657.830.332-43" cep="51102-511" endereco="Travessa Emanuel Soares, 885. Bloco C" bairro="So Emiliano do Leste" cidade="Noel do Norte" uf="PB" telefone="(27) 4055-3538" email="epaes@faro.net.br" ativo="1"/>
	<torcedor nome="Fbio Balestero" documento="670.314.347-18" cep="04809-855" endereco="R. Noel, 68. Bloco B" bairro="Espinoza d'Oeste" cidade="Feliciano do Leste" uf="AC" telefone="(67) 96905-9654" email="manuel06@yahoo.com" ativo=""/>
	<torcedor nome="Miranda Agustina Padilha" documento="851.915.347-00" cep="92143-328" endereco="Avenida Solano, 42009. 769 Andar" bairro="Vila Mrio do Norte" cidade="Zamana do Leste" uf="MT" telefone="(21) 4460-7325" email="dortega@reis.com" ativo=""/>
	<torcedor nome="Mel Ndia Romero Jr." documento="156.394.508-86" cep="57431-684" endereco="Largo Quintana, 222. Apto 74" bairro="Adriana do Sul" cidade="Adriana do Sul" uf="BA" telefone="(13) 3523-7580" email="laura18@solano.com" ativo="1"/>
	<torcedor nome="Ornela Vieira Prado" documento="403.465.063-01" cep="43635-327" endereco="R. Jcomo, 73993. Bloco C" bairro="Giovana do Norte" cidade="Matos do Sul" uf="AL" telefone="(51) 92915-1816" email="ycordeiro@saraiva.net" ativo="1"/>
	<torcedor nome="Tbata Gabriela Gil Jr." documento="035.567.312-66" cep="69641-319" endereco="R. Faria, 1" bairro="So Daniela" cidade="So Tesslia d'Oeste" uf="TO" telefone="(92) 4104-6689" email="scervantes@aragao.net.br" ativo="1"/>
	<torcedor nome="Sra. Olvia Thalissa Jimenes Sobrinho" documento="214.210.634-09" cep="07446-493" endereco="Rua Srgio, 420" bairro="Porto Nicole" cidade="Santa Jorge" uf="MT" telefone="(82) 4943-0731" email="alan88@cervantes.com.br" ativo="1"/>
	<torcedor nome="Valria Mascarenhas" documento="254.921.863-96" cep="16198-789" endereco="Av. Agustina, 52165. Apto 4" bairro="Joana do Norte" cidade="Estrada do Sul" uf="SC" telefone="(31) 99955-4796" email="gian46@gmail.com" ativo="1"/>
	<torcedor nome="Dr. Sara Barros Rocha" documento="745.968.989-01" cep="18624-817" endereco="Largo Salom, 94138. Bloco A" bairro="Carolina do Norte" cidade="Santa Eduardo do Sul" uf="PA" telefone="(89) 2925-6176" email="salazar.kevin@ig.com.br" ativo="1"/>
	<torcedor nome="Michele Pontes Jimenes Sobrinho" documento="846.210.324-02" cep="21086-416" endereco="Av. Valentina, 8008. 242 Andar" bairro="Jimenes do Sul" cidade="Santa Luana do Sul" uf="MS" telefone="(65) 3788-7972" email="fcruz@burgos.com.br" ativo="1"/>
	<torcedor nome="Dr. Isaac Faro Rosa" documento="301.180.949-63" cep="03651-256" endereco="Av. Arago, 89386. Bc. 2 Ap. 90" bairro="Horcio do Sul" cidade="Rodrigues do Sul" uf="SC" telefone="(42) 3251-4958" email="emanuel.casanova@yahoo.com" ativo=""/>
	<torcedor nome="Noel Malena Reis Neto" documento="880.717.945-89" cep="54636-133" endereco="Av. Zaragoa, 07039. Bc. 0 Ap. 20" bairro="Porto Violeta" cidade="Porto Regina" uf="MG" telefone="(64) 97071-5957" email="lrios@yahoo.com" ativo=""/>
	<torcedor nome="Alonso Gian da Cruz" documento="739.491.907-24" cep="79967-128" endereco="Av. Rangel, 07. Apto 054" bairro="Porto Jcomo do Norte" cidade="Santacruz d'Oeste" uf="PB" telefone="(12) 96627-0739" email="christopher.zaragoca@mares.com.br" ativo="1"/>
	<torcedor nome="Salom Marin" documento="197.452.389-61" cep="68906-004" endereco="Travessa Delgado, 728. 25 Andar" bairro="So Noel" cidade="Zamana do Sul" uf="AC" telefone="(43) 92383-6110" email="edominato@branco.net.br" ativo="1"/>
	<torcedor nome="Fbio Carlos vila" documento="541.255.485-79" cep="78767-499" endereco="Largo Feliciano, 8. Bloco B" bairro="So Joo" cidade="Pedrosa do Leste" uf="PE" telefone="(65) 3512-2260" email="ortiz.horacio@terra.com.br" ativo=""/>
	<torcedor nome="Dr. Juliana Santacruz" documento="709.745.938-77" cep="33351-577" endereco="R. Adriana Bittencourt, 336" bairro="Vila Manuel d'Oeste" cidade="de Aguiar do Leste" uf="AP" telefone="(86) 92779-1649" email="darosa.sergio@galhardo.org" ativo="1"/>
	<torcedor nome="Vicente Rodrigues" documento="974.040.548-77" cep="56620-317" endereco="Rua Micaela, 99047. Apto 73" bairro="Cordeiro do Norte" cidade="Sales do Leste" uf="MA" telefone="(65) 4946-4121" email="ariadna.dominato@pena.com" ativo=""/>
	<torcedor nome="Carolina Rivera" documento="719.551.388-26" cep="14923-630" endereco="R. Irene Barreto, 511. 57 Andar" bairro="Mars do Sul" cidade="Lovato do Leste" uf="AM" telefone="(63) 2634-6031" email="maximiano.perez@gomes.net" ativo=""/>
	<torcedor nome="Gabriel Sales Espinoza" documento="237.150.352-50" cep="97826-236" endereco="Travessa Martines, 86672. F" bairro="Jorge d'Oeste" cidade="Vila Manuela do Norte" uf="MA" telefone="(46) 94851-5201" email="antonio.velasques@ig.com.br" ativo="1"/>
	<torcedor nome="Sr. Carlos Galvo Sobrinho" documento="313.133.670-60" cep="69747-412" endereco="Rua Sophie, 8. Apto 44" bairro="Sandoval do Leste" cidade="Ivan do Sul" uf="CE" telefone="(46) 3463-5276" email="vila.adriano@r7.com" ativo=""/>
	<torcedor nome="Dr. Christian Campos das Dores" documento="495.756.292-05" cep="36153-028" endereco="Avenida Natlia, 538. Apto 8492" bairro="Pereira d'Oeste" cidade="So Paulina d'Oeste" uf="DF" telefone="(65) 2680-0229" email="agrego@terra.com.br" ativo="1"/>
	<torcedor nome="Dr. Everton Ramires" documento="462.689.363-53" cep="20028-270" endereco="R. Sofia Matias, 12603. Anexo" bairro="Santa Elias d'Oeste" cidade="Camacho do Norte" uf="RR" telefone="(53) 98977-7387" email="eprado@salazar.com.br" ativo="1"/>
	<torcedor nome="Sara Abril Seplveda Jr." documento="827.423.214-38" cep="79190-599" endereco="Travessa Ferreira, 14. 0 Andar" bairro="Melissa do Leste" cidade="Ketlin do Sul" uf="RS" telefone="(43) 3189-2223" email="kverdugo@madeira.com" ativo="1"/>
	<torcedor nome="Ftima Salas" documento="828.654.416-10" cep="66743-644" endereco="Travessa Paula, 44069. Bc. 68 Ap. 21" bairro="Porto Pmela" cidade="Jcomo do Leste" uf="AP" telefone="(28) 97123-9811" email="ana.dasdores@meireles.net" ativo="1"/>
	<torcedor nome="Srta. Ashley Bianca Pereira" documento="477.551.241-26" cep="31701-446" endereco="Av. Andres, 231. Bloco C" bairro="So Hugo" cidade="Montenegro do Leste" uf="RJ" telefone="(84) 2049-4215" email="ferreira.amanda@hotmail.com" ativo="1"/>
	<torcedor nome="Dr. Thiago Dias Barreto Neto" documento="921.436.808-21" cep="71411-982" endereco="R. Martinho Chaves, 27" bairro="Vila Tesslia do Sul" cidade="Pontes do Norte" uf="RN" telefone="(69) 99510-7047" email="josefina.zambrano@ig.com.br" ativo="1"/>
	<torcedor nome="Dr. Ricardo Cordeiro Filho" documento="936.211.986-28" cep="43589-684" endereco="Avenida Sophie, 08148" bairro="So Abril d'Oeste" cidade="Oliveira d'Oeste" uf="DF" telefone="(81) 4419-3919" email="pontes.bruno@hotmail.com" ativo="1"/>
	<torcedor nome="Dr. Eduardo Cristvo Montenegro Filho" documento="303.610.863-77" cep="82950-916" endereco="Travessa Rodrigo Domingues, 390. Bloco B" bairro="Thales do Leste" cidade="Gabriel do Sul" uf="PA" telefone="(68) 91397-0417" email="neves.catarina@gmail.com" ativo=""/>
	<torcedor nome="Dr. Andres Solano Fernandes" documento="377.884.771-68" cep="97457-805" endereco="Largo David, 7741" bairro="Queirs do Leste" cidade="Fonseca d'Oeste" uf="PA" telefone="(24) 94219-9902" email="aqueiros@uol.com.br" ativo=""/>
	<torcedor nome="Suzana Mariana das Dores Filho" documento="254.132.200-30" cep="98991-463" endereco="Largo Samanta, 56. F" bairro="Ferminiano d'Oeste" cidade="Vila Valentina do Leste" uf="AP" telefone="(77) 3680-8088" email="ornela.godoi@terra.com.br" ativo="1"/>
	<torcedor nome="Gustavo Velasques Padro Jr." documento="938.759.459-99" cep="65298-775" endereco="Travessa Melissa Serrano, 28816. Bc. 84 Ap. 40" bairro="Espinoza do Norte" cidade="Vila Madalena" uf="PI" telefone="(99) 99021-5126" email="maia.julia@ortega.com.br" ativo="1"/>
	<torcedor nome="Helena Marques Saraiva Sobrinho" documento="093.883.031-72" cep="05387-439" endereco="Travessa Franco, 2266" bairro="Romero do Norte" cidade="So Adriano" uf="RR" telefone="(82) 92515-0071" email="ndeoliveira@ig.com.br" ativo=""/>
	<torcedor nome="Sra. Ariadna Valentin Leal Filho" documento="316.803.850-46" cep="26315-403" endereco="Largo Balestero, 7. F" bairro="Bittencourt do Leste" cidade="So Luara do Leste" uf="RO" telefone="(98) 96898-4603" email="ibonilha@pontes.net.br" ativo="1"/>
	<torcedor nome="Sr. Gabriel Alexandre Prado" documento="942.066.271-34" cep="65851-474" endereco="R. Hugo, 10. F" bairro="Porto Andres" cidade="Regina do Norte" uf="CE" telefone="(62) 3018-5515" email="bruno33@ig.com.br" ativo=""/>
	<torcedor nome="Fernando Thales Uchoa Sobrinho" documento="020.789.904-50" cep="09514-476" endereco="Travessa Carlos, 0002" bairro="Christian do Sul" cidade="Porto Luana do Leste" uf="ES" telefone="(77) 3770-0389" email="pablo74@gmail.com" ativo=""/>
	<torcedor nome="Sara Ashley Faria Sobrinho" documento="997.553.020-69" cep="12627-650" endereco="Travessa Aaron de Aguiar, 95. F" bairro="So Alexa" cidade="Santa Thales do Norte" uf="PI" telefone="(31) 3892-4645" email="ziraldo60@brito.org" ativo=""/>
	<torcedor nome="Srta. Laura Alessandra Ferreira" documento="067.537.133-36" cep="44623-486" endereco="Avenida Josu, 59" bairro="Vila Malena" cidade="Porto Alonso" uf="RN" telefone="(35) 98087-0087" email="bezerra.luara@salas.net" ativo=""/>
	<torcedor nome="Luciana Daniela Molina" documento="078.739.510-22" cep="99286-257" endereco="R. Fernando Escobar, 6. Bc. 89 Ap. 92" bairro="Carrara do Leste" cidade="Porto Mel do Norte" uf="RJ" telefone="(46) 3348-0834" email="molina.gabriel@r7.com" ativo="1"/>
	<torcedor nome="Carla Norma Lozano Filho" documento="307.289.111-75" cep="82771-245" endereco="R. Henrique, 8" bairro="Urias do Leste" cidade="Manuela do Norte" uf="PE" telefone="(41) 4383-6057" email="valentin.micaela@terra.com.br" ativo="1"/>
	<torcedor nome="Manuela Bittencourt" documento="117.130.818-30" cep="49894-012" endereco="Av. Quintana, 427" bairro="Dominato do Leste" cidade="Vila Alma do Leste" uf="DF" telefone="(71) 4231-7344" email="neves.suzana@hotmail.com" ativo="1"/>
	<torcedor nome="Evandro Mendona Reis Sobrinho" documento="544.972.006-80" cep="39621-551" endereco="R. Mrio Reis, 05" bairro="So Abgail do Leste" cidade="Thiago do Leste" uf="CE" telefone="(84) 4916-6529" email="ysoto@hotmail.com" ativo=""/>
	<torcedor nome="Olvia Caldeira" documento="176.792.372-47" cep="15062-429" endereco="Travessa Alan, 97. Bc. 3 Ap. 78" bairro="Franco d'Oeste" cidade="So Laura d'Oeste" uf="AL" telefone="(91) 3436-9502" email="ycolaco@yahoo.com" ativo="1"/>
	<torcedor nome="Dr. Julieta D'vila" documento="064.504.279-06" cep="54288-032" endereco="Rua Adriano Mendona, 5. Fundos" bairro="So Horcio" cidade="So Jos d'Oeste" uf="AL" telefone="(51) 91879-0571" email="fcolaco@aranda.net" ativo=""/>
	<torcedor nome="Ziraldo Dante das Neves Filho" documento="232.952.858-29" cep="76358-304" endereco="Avenida Rafaela Bonilha, 77528" bairro="Valentina do Sul" cidade="Vila Pmela" uf="PB" telefone="(22) 93641-1320" email="abril.balestero@hotmail.com" ativo="1"/>
	<torcedor nome="Sr. Christopher Toledo" documento="496.171.596-43" cep="84386-967" endereco="Travessa David, 77151" bairro="Santa Leandro d'Oeste" cidade="Bruno do Norte" uf="MT" telefone="(22) 90052-0914" email="maite75@gmail.com" ativo=""/>
	<torcedor nome="Rebeca Matos Mascarenhas Sobrinho" documento="275.495.325-67" cep="96290-454" endereco="Rua Camilo, 984" bairro="Perez d'Oeste" cidade="Carolina do Leste" uf="MA" telefone="(81) 91882-9394" email="christian.solano@ig.com.br" ativo=""/>
	<torcedor nome="Sr. Toms Dominato" documento="966.956.571-57" cep="10386-629" endereco="R. Bianca Furtado, 6" bairro="Matias d'Oeste" cidade="Paula do Sul" uf="AM" telefone="(13) 99612-2101" email="diego92@r7.com" ativo=""/>
	<torcedor nome="Dr. Regina Rosa Grego Sobrinho" documento="647.965.270-36" cep="95772-141" endereco="R. Toledo, 635" bairro="Bonilha d'Oeste" cidade="Beltro d'Oeste" uf="SC" telefone="(74) 2715-1260" email="fernando.medina@cortes.net.br" ativo=""/>
	<torcedor nome="Everton Beltro da Silva" documento="467.137.504-43" cep="91931-158" endereco="R. Rodrigo Galhardo, 753" bairro="Jcomo d'Oeste" cidade="Santa Henrique d'Oeste" uf="MT" telefone="(19) 4690-0913" email="pablo.maldonado@lutero.net.br" ativo=""/>
	<torcedor nome="Dr. Abgail Torres" documento="668.892.004-20" cep="35517-582" endereco="Avenida Serrano, 665" bairro="Mars d'Oeste" cidade="So Sabrina" uf="DF" telefone="(53) 2906-2269" email="eperez@abreu.net.br" ativo=""/>
	<torcedor nome="Ndia Corona" documento="873.847.804-89" cep="59101-939" endereco="Avenida Ivana, 84" bairro="Vila Luna do Leste" cidade="Lutero do Sul" uf="SE" telefone="(89) 91658-7658" email="jacomo.pereira@santana.br" ativo=""/>
	<torcedor nome="Simon Jorge Cordeiro" documento="615.170.577-79" cep="41021-627" endereco="Rua Juliana, 5" bairro="Santa Bianca do Norte" cidade="Santa Agustina do Sul" uf="MS" telefone="(54) 4591-3580" email="violeta10@rosa.org" ativo="1"/>
	<torcedor nome="Dr. Fabiana Natlia das Dores" documento="724.506.148-34" cep="97266-413" endereco="Avenida Garcia, 76. 569 Andar" bairro="Sara do Norte" cidade="Romero d'Oeste" uf="MS" telefone="(77) 91177-3901" email="catarina87@hotmail.com" ativo=""/>
	<torcedor nome="Srta. Sofia Ramos Sobrinho" documento="976.459.023-37" cep="48500-023" endereco="R. Rafael Mendes, 5726" bairro="Colao d'Oeste" cidade="Uchoa do Leste" uf="ES" telefone="(32) 99915-3992" email="agustina.leal@verdugo.com" ativo=""/>
	<torcedor nome="Camila Escobar Rodrigues Filho" documento="719.959.789-49" cep="41125-303" endereco="Av. Samanta Rodrigues, 58284" bairro="Branco d'Oeste" cidade="Faria do Leste" uf="RJ" telefone="(11) 4341-5962" email="mario.sandoval@galhardo.com.br" ativo=""/>
	<torcedor nome="Alonso Joaquin Uchoa" documento="017.273.926-80" cep="71741-428" endereco="Travessa Pedro, 1. Apto 5295" bairro="Porto Hugo do Leste" cidade="So Abril do Sul" uf="BA" telefone="(63) 91938-9452" email="raragao@r7.com" ativo=""/>
	<torcedor nome="Sr. Felipe Incio Paes" documento="352.370.858-30" cep="56424-249" endereco="R. Manuela Mars, 27" bairro="Lovato do Norte" cidade="So Helena" uf="BA" telefone="(77) 96393-1727" email="torres.daniela@ig.com.br" ativo=""/>
	<torcedor nome="Sra. Valria D'vila Filho" documento="243.804.149-81" cep="51118-583" endereco="R. Manuela, 531. Fundos" bairro="Mariana do Norte" cidade="Santa Gabriel" uf="PA" telefone="(53) 3160-5766" email="francisco50@matias.net" ativo=""/>
	<torcedor nome="Antonieta Fidalgo" documento="746.515.122-83" cep="77911-348" endereco="Travessa Josu, 012" bairro="Uchoa d'Oeste" cidade="Rios do Sul" uf="PI" telefone="(69) 93830-4669" email="epadilha@avila.com.br" ativo=""/>
	<torcedor nome="Carolina Garcia Queirs" documento="736.332.694-01" cep="78768-973" endereco="Avenida da Cruz, 66. Apto 0" bairro="Vila Clara" cidade="Martines d'Oeste" uf="GO" telefone="(53) 3113-0471" email="lgarcia@azevedo.org" ativo="1"/>
	<torcedor nome="Carlos Everton Vasques" documento="629.101.660-58" cep="48544-360" endereco="R. Christian, 11176" bairro="Josefina do Sul" cidade="Eduardo do Sul" uf="DF" telefone="(12) 99047-0805" email="idominato@terra.com.br" ativo=""/>
	<torcedor nome="Natlia Salom Pedrosa Filho" documento="960.745.605-01" cep="55566-269" endereco="R. Campos, 54268. 3 Andar" bairro="Leandro do Sul" cidade="Porto Alessandra" uf="RJ" telefone="(44) 4817-9752" email="isabel.abreu@burgos.com" ativo="1"/>
	<torcedor nome="Srta. Jlia Camacho Barros" documento="465.353.554-03" cep="50577-632" endereco="Largo Montenegro, 1688. Anexo" bairro="Suzana do Leste" cidade="Sophie do Sul" uf="RJ" telefone="(38) 98948-3487" email="eduardo24@hotmail.com" ativo="1"/>
	<torcedor nome="Dr. Eduardo Aguiar Neto" documento="502.806.172-67" cep="42411-731" endereco="Av. Simo Faria, 4990. 96 Andar" bairro="Vila Rafael d'Oeste" cidade="Vila Christian" uf="MT" telefone="(17) 98866-2487" email="horacio64@mendonca.net.br" ativo=""/>
	<torcedor nome="Toms Gusmo Feliciano Jr." documento="484.991.436-52" cep="54207-657" endereco="R. Hugo, 818. F" bairro="Santa Giovana" cidade="Vila Tesslia d'Oeste" uf="AC" telefone="(15) 4165-2822" email="micaela.desouza@terra.com.br" ativo=""/>
	<torcedor nome="Srta. Micaela Batista" documento="696.396.529-38" cep="57396-398" endereco="Rua Antonieta Galhardo, 44" bairro="Quintana do Sul" cidade="So Emlia do Norte" uf="ES" telefone="(11) 2211-5890" email="hjimenes@ig.com.br" ativo="1"/>
	<torcedor nome="Sr. Jcomo Guerra vila" documento="511.631.136-89" cep="54731-222" endereco="R. Violeta, 6621. Apto 003" bairro="Vila Miranda do Leste" cidade="Luana do Norte" uf="MG" telefone="(69) 2948-5851" email="rcamacho@mendonca.net" ativo="1"/>
	<torcedor nome="Dr. Pmela Lira" documento="593.721.302-57" cep="66370-438" endereco="Travessa Santiago, 82. Apto 6" bairro="Santa Matias" cidade="Santa Felipe" uf="MS" telefone="(95) 92224-3170" email="fernando14@garcia.br" ativo=""/>
	<torcedor nome="Dr. David Joo Carrara" documento="498.641.607-37" cep="74945-006" endereco="Av. Vila, 9325" bairro="So Simon" cidade="Vila Thiago do Leste" uf="MT" telefone="(49) 4438-2732" email="qcolaco@terra.com.br" ativo="1"/>
	<torcedor nome="Dr. Valentin Flores Filho" documento="078.441.338-05" cep="58446-558" endereco="Largo Hugo Maldonado, 0" bairro="Vila Srgio do Norte" cidade="Daniela do Norte" uf="AL" telefone="(18) 3387-5363" email="thiago.rios@carrara.net.br" ativo="1"/>
	<torcedor nome="Camila Barros Sobrinho" documento="927.421.397-29" cep="23539-540" endereco="Avenida Jernimo Marin, 1" bairro="Vila Laura" cidade="Cruz do Sul" uf="PE" telefone="(92) 2664-7150" email="zsalas@terra.com.br" ativo="1"/>
	<torcedor nome="Sr. Sebastio Balestero" documento="741.354.995-62" cep="73969-846" endereco="Travessa Emlio, 1393" bairro="Sandoval do Leste" cidade="Toms do Sul" uf="AL" telefone="(95) 3437-3849" email="salas.abgail@matias.net" ativo="1"/>
	<torcedor nome="Toms Rico Ferraz Filho" documento="464.525.269-01" cep="95699-857" endereco="Av. de Aguiar, 59. Bloco B" bairro="Luna do Leste" cidade="Camila do Norte" uf="MS" telefone="(12) 92708-0969" email="vestrada@bittencourt.br" ativo="1"/>
	<torcedor nome="Sebastio Franco Colao" documento="900.104.038-17" cep="80339-628" endereco="Avenida Catarina Batista, 06793" bairro="So Bianca do Norte" cidade="Pacheco do Leste" uf="AP" telefone="(35) 2377-1616" email="mpaes@uol.com.br" ativo=""/>
	<torcedor nome="Pmela Santacruz" documento="017.583.518-70" cep="60473-083" endereco="Avenida Zambrano, 78900. Apto 92" bairro="Vila Dante do Sul" cidade="So Mrio d'Oeste" uf="SE" telefone="(77) 3109-3426" email="fatima35@yahoo.com" ativo="1"/>
	<torcedor nome="Malena Barreto Jr." documento="902.147.496-49" cep="32197-348" endereco="Avenida Fernando, 8779. Bc. 34 Ap. 97" bairro="Alessandra do Sul" cidade="Santa Jlia do Sul" uf="MG" telefone="(34) 2516-2064" email="darosa.ian@quintana.br" ativo=""/>
	<torcedor nome="Micaela Ortiz Campos Sobrinho" documento="237.407.500-14" cep="49968-905" endereco="Av. Faro, 0599" bairro="Branco do Norte" cidade="Galindo do Sul" uf="BA" telefone="(18) 94954-9078" email="tais.dacruz@deoliveira.net" ativo="1"/>
	<torcedor nome="Sr. Pedro Lutero Pereira Sobrinho" documento="446.675.091-20" cep="72424-456" endereco="Rua Mrio, 6. Apto 6189" bairro="So Hernani" cidade="So Rodrigo d'Oeste" uf="SP" telefone="(68) 3881-5195" email="rocha.ariadna@faro.com.br" ativo=""/>
	<torcedor nome="Srta. Regina Ortiz Burgos" documento="724.691.923-66" cep="95457-871" endereco="Largo Mel Pontes, 5" bairro="Quintana do Norte" cidade="Valncia d'Oeste" uf="AC" telefone="(44) 3407-5210" email="isaac.chaves@r7.com" ativo="1"/>
	<torcedor nome="Miguel Matos Ferreira Filho" documento="737.534.615-12" cep="38488-711" endereco="R. Diego, 8627" bairro="Uchoa do Leste" cidade="Porto Jcomo do Norte" uf="PB" telefone="(31) 2283-0372" email="melissa65@gmail.com" ativo="1"/>
	<torcedor nome="Dr. Pablo Hugo Ferreira Jr." documento="606.371.993-83" cep="06589-019" endereco="Travessa Fontes, 99. Anexo" bairro="Santa Regina do Sul" cidade="Joo do Leste" uf="BA" telefone="(14) 2567-9990" email="mateus.lozano@r7.com" ativo="1"/>
	<torcedor nome="Srta. Luana Alessandra Paz" documento="921.146.578-84" cep="37776-384" endereco="Travessa Gabriel Rios, 63. Anexo" bairro="Allison do Norte" cidade="Barreto do Leste" uf="MS" telefone="(91) 3523-0966" email="hugo29@mendonca.net.br" ativo=""/>
	<torcedor nome="Jcomo Rivera" documento="002.243.551-47" cep="71448-585" endereco="Rua Julieta Abreu, 7340" bairro="Godi do Leste" cidade="Agustina d'Oeste" uf="SP" telefone="(51) 3639-2224" email="alexa75@montenegro.com.br" ativo="1"/>
	<torcedor nome="Dr. Santiago Vale Ferraz" documento="808.313.171-75" cep="69591-647" endereco="Travessa Manuel Marinho, 20087" bairro="Sebastio do Sul" cidade="So Antonieta do Sul" uf="CE" telefone="(28) 4379-5340" email="mares.franco@ramires.com" ativo=""/>
	<torcedor nome="Sr. Luis Lira Jr." documento="594.225.170-36" cep="69774-719" endereco="Travessa Tesslia Delgado, 48441. Apto 96" bairro="Rafael do Norte" cidade="Alonso do Norte" uf="PA" telefone="(48) 96305-4674" email="sebastiao.avila@yahoo.com" ativo=""/>
	<torcedor nome="Dr. Mait Maldonado Lozano Sobrinho" documento="450.603.747-26" cep="32195-281" endereco="Rua Benites, 63310" bairro="So Luana" cidade="Porto Ariadna" uf="RO" telefone="(41) 94973-7950" email="dominato.franco@gmail.com" ativo="1"/>
	<torcedor nome="Tesslia Ortiz Salgado Filho" documento="984.158.717-32" cep="30269-219" endereco="Rua Estrada, 5410" bairro="So Ian" cidade="Bruno d'Oeste" uf="RS" telefone="(63) 97255-6306" email="mverdugo@terra.com.br" ativo="1"/>
	<torcedor nome="Estvo Correia Faro" documento="220.961.582-81" cep="16871-761" endereco="Avenida Joana Jimenes, 66. Apto 33" bairro="Ivana d'Oeste" cidade="Daniel do Sul" uf="PE" telefone="(85) 92612-5484" email="christopher98@yahoo.com" ativo=""/>
	<torcedor nome="Srta. Vitria Beatriz das Dores" documento="008.122.451-64" cep="78732-609" endereco="Av. Cristvo Esteves, 95. Apto 54" bairro="Campos do Norte" cidade="So Bruno do Sul" uf="ES" telefone="(32) 4165-2139" email="bruno.azevedo@r7.com" ativo=""/>
	<torcedor nome="Bruno Vale Filho" documento="476.662.449-16" cep="86036-073" endereco="Rua Daniela, 52081. Fundos" bairro="Santa Amlia" cidade="Santa Jlia" uf="PB" telefone="(46) 3851-8481" email="michele.soares@duarte.org" ativo=""/>
	<torcedor nome="Joo Pereira Ferreira Sobrinho" documento="502.795.478-62" cep="17112-797" endereco="Travessa Michele Zamana, 13350. Bloco B" bairro="Rico do Leste" cidade="Emlio do Norte" uf="AM" telefone="(18) 2888-3245" email="bsantana@uol.com.br" ativo=""/>
	<torcedor nome="Gabriel Evandro Barreto" documento="236.233.768-50" cep="07771-892" endereco="Rua Paulina, 7. F" bairro="Santa Sara d'Oeste" cidade="Dominato do Sul" uf="MA" telefone="(63) 4544-6784" email="felipe.vega@rangel.net.br" ativo="1"/>
	<torcedor nome="Sra. Daniela Santiago Paz" documento="678.481.826-14" cep="80657-832" endereco="R. Ariana, 008" bairro="Luciana d'Oeste" cidade="Leal do Leste" uf="RJ" telefone="(15) 3277-2546" email="rdasdores@santana.com" ativo=""/>
	<torcedor nome="Paulina Rocha Jr." documento="114.102.302-44" cep="90860-358" endereco="Av. Franco, 40" bairro="So Fernando do Leste" cidade="Maximiano d'Oeste" uf="PI" telefone="(51) 95715-3152" email="kbittencourt@r7.com" ativo="1"/>
	<torcedor nome="Sr. Daniel Perez" documento="216.529.777-08" cep="54857-310" endereco="Travessa Salazar, 66486. Bloco B" bairro="Vila Violeta" cidade="Galhardo do Norte" uf="BA" telefone="(97) 4442-3130" email="maximo15@santana.net.br" ativo="1"/>
	<torcedor nome="Dr. Leonardo Diego das Dores" documento="179.682.617-08" cep="57168-377" endereco="R. Eduardo Faro, 59848" bairro="Alonso do Norte" cidade="Diego do Leste" uf="ES" telefone="(33) 90313-9399" email="jromero@gil.br" ativo=""/>
	<torcedor nome="Abril Tamoio Paes Jr." documento="183.899.397-54" cep="61212-839" endereco="Travessa Jernimo Fidalgo, 0. Anexo" bairro="Porto Ziraldo do Norte" cidade="So Madalena" uf="CE" telefone="(46) 3700-2179" email="dmeireles@ig.com.br" ativo=""/>
	<torcedor nome="Paula Corona da Cruz Sobrinho" documento="326.476.324-99" cep="30109-068" endereco="Travessa Flores, 636. Bloco B" bairro="Santa Clara do Sul" cidade="Chaves do Norte" uf="TO" telefone="(37) 93732-4527" email="sofia42@valencia.net" ativo="1"/>
	<torcedor nome="Dr. Ian Ferraz Filho" documento="495.335.595-43" cep="87944-520" endereco="R. Amlia Branco, 28" bairro="Melissa do Leste" cidade="Vila Henrique" uf="SC" telefone="(28) 4269-5397" email="bruno20@r7.com" ativo=""/>
	<torcedor nome="Elizabeth Fonseca Faro" documento="486.328.824-73" cep="97855-519" endereco="Av. Pedro Paes, 850. 688 Andar" bairro="Porto Josu do Norte" cidade="Correia d'Oeste" uf="DF" telefone="(66) 90038-7439" email="jorge.delvalle@gmail.com" ativo="1"/>
	<torcedor nome="Ricardo Miguel Torres" documento="840.931.963-20" cep="15482-978" endereco="Av. Madalena das Neves, 95. Bloco C" bairro="Porto Fabiana d'Oeste" cidade="Sophie do Leste" uf="AL" telefone="(96) 3682-0608" email="renata79@beltrao.com.br" ativo=""/>
	<torcedor nome="Dante Benites" documento="712.051.095-95" cep="85410-785" endereco="R. Natal Colao, 46. Anexo" bairro="Sara d'Oeste" cidade="Zaragoa do Leste" uf="PB" telefone="(45) 98997-4658" email="havila@maia.com" ativo="1"/>
	<torcedor nome="Dr. Daniel Madeira Neto" documento="748.396.535-50" cep="28319-192" endereco="Rua Alexandre, 00496. Fundos" bairro="Vila Luciano" cidade="Vieira do Norte" uf="AC" telefone="(81) 3114-2261" email="vega.joana@ig.com.br" ativo="1"/>
	<torcedor nome="Leonardo Molina Ramos" documento="499.461.633-73" cep="02595-972" endereco="Largo Henrique, 38. Apto 7" bairro="Vila Isaac do Leste" cidade="Porto Antnio" uf="PB" telefone="(61) 91095-3104" email="deoliveira.agostinho@mendonca.com.br" ativo=""/>
	<torcedor nome="Beatriz Vega Valncia" documento="283.266.737-65" cep="55067-595" endereco="Avenida Joo Maia, 199" bairro="Santa Abgail d'Oeste" cidade="Porto Mait do Leste" uf="RR" telefone="(62) 98510-6808" email="gustavo69@deoliveira.com.br" ativo=""/>
	<torcedor nome="Salom Isabel Guerra" documento="186.089.701-04" cep="01924-230" endereco="Rua Carlos Bezerra, 293. Fundos" bairro="Flores do Sul" cidade="Bruno d'Oeste" uf="GO" telefone="(81) 94243-4618" email="gmeireles@r7.com" ativo="1"/>
	<torcedor nome="Mateus Evandro Valncia" documento="563.503.223-04" cep="43109-512" endereco="R. Lozano, 83. 865 Andar" bairro="Jimenes d'Oeste" cidade="Santana d'Oeste" uf="MA" telefone="(66) 4664-8480" email="dasdores.vitoria@vieira.net.br" ativo="1"/>
	<torcedor nome="Srta. Abgail Valdez Jr." documento="325.407.105-06" cep="36377-637" endereco="Largo Micaela, 734" bairro="So Daniela" cidade="Vila Simon" uf="RS" telefone="(51) 91554-4678" email="benjamin.guerra@grego.com.br" ativo="1"/>
	<torcedor nome="Dr. Giovane Toms Verdugo" documento="862.310.816-72" cep="44429-082" endereco="Rua Beatriz, 9402. Fundos" bairro="So Sara" cidade="So Luciano d'Oeste" uf="ES" telefone="(53) 92631-3205" email="simon06@gusmao.com.br" ativo="1"/>
	<torcedor nome="Valria Natlia Santana Sobrinho" documento="777.255.320-05" cep="51975-756" endereco="Rua Isaac, 322" bairro="Rafael do Norte" cidade="Ferminiano d'Oeste" uf="PE" telefone="(81) 94498-3011" email="fuchoa@uol.com.br" ativo="1"/>
	<torcedor nome="Sr. Thiago da Cruz Lovato Filho" documento="392.730.580-43" cep="64730-192" endereco="Av. Paulina, 612. 9 Andar" bairro="Santa Valentina" cidade="Porto Incio" uf="RS" telefone="(37) 3182-3720" email="poliveira@hotmail.com" ativo=""/>
	<torcedor nome="Simo Serna" documento="867.055.096-27" cep="46598-926" endereco="Largo Escobar, 23" bairro="Santa Guilherme d'Oeste" cidade="Porto Maximiano d'Oeste" uf="MS" telefone="(97) 96472-6047" email="teobaldo.azevedo@matos.org" ativo="1"/>
	<torcedor nome="Sra. Sabrina Pedrosa Padilha Sobrinho" documento="889.901.513-92" cep="04441-686" endereco="Av. Mars, 6. 756 Andar" bairro="Porto Franco" cidade="Porto Rafael do Leste" uf="AM" telefone="(44) 96166-7310" email="diego44@ig.com.br" ativo=""/>
	<torcedor nome="Giovana Alessandra Serna Jr." documento="454.852.867-98" cep="01299-906" endereco="Av. Miranda Soares, 58425" bairro="Ziraldo d'Oeste" cidade="Vila Francisco" uf="CE" telefone="(12) 2808-8787" email="nadia.pedrosa@yahoo.com" ativo=""/>
	<torcedor nome="Dr. Leonardo Santacruz Sobrinho" documento="022.913.642-78" cep="70358-001" endereco="R. Noel, 0. Apto 996" bairro="Batista do Leste" cidade="Santa Josefina" uf="CE" telefone="(15) 3086-6338" email="abril78@ig.com.br" ativo="1"/>
	<torcedor nome="Dr. Daniel Marin Molina" documento="572.375.984-14" cep="45099-403" endereco="Av. Olvia Feliciano, 4" bairro="Mximo do Sul" cidade="So Jcomo" uf="DF" telefone="(15) 99980-8706" email="cortes.david@galvao.com" ativo=""/>
	<torcedor nome="Pablo Joaquin Santiago" documento="200.749.987-81" cep="88647-698" endereco="R. Seplveda, 63" bairro="Porto Francisco do Leste" cidade="So Samanta" uf="MT" telefone="(71) 97292-3539" email="everton57@yahoo.com" ativo="1"/>
	<torcedor nome="Anderson Everton Reis Sobrinho" documento="699.061.463-38" cep="72050-600" endereco="Travessa Santiago, 03" bairro="Porto Andres do Norte" cidade="Antnio do Sul" uf="MG" telefone="(44) 2370-1113" email="kevin.lovato@yahoo.com" ativo="1"/>
	<torcedor nome="Sra. Noel Soto" documento="722.025.387-71" cep="51239-584" endereco="Largo Mximo Sandoval, 780. F" bairro="Vila Ivan do Leste" cidade="So Agustina" uf="DF" telefone="(31) 4898-2460" email="maximiano.faro@rico.com" ativo="1"/>
	<torcedor nome="Kevin Benites Estrada" documento="529.883.366-79" cep="52264-237" endereco="Av. Gonalves, 32771. Bc. 49 Ap. 64" bairro="Vila Adriano" cidade="Mait d'Oeste" uf="DF" telefone="(74) 93257-9929" email="pvieira@ig.com.br" ativo=""/>
	<torcedor nome="Rodrigo Azevedo Martines Neto" documento="736.328.157-20" cep="45371-849" endereco="Av. Bianca Balestero, 9859. Bloco B" bairro="Vila Isadora do Leste" cidade="So Bruno" uf="RO" telefone="(33) 2714-1976" email="pedro67@r7.com" ativo="1"/>
	<torcedor nome="Alonso Carrara" documento="347.571.404-36" cep="67217-833" endereco="Travessa Anderson, 83" bairro="Estvo d'Oeste" cidade="Emiliano do Sul" uf="DF" telefone="(61) 95498-0780" email="cdeaguiar@uol.com.br" ativo=""/>
	<torcedor nome="Dr. Jasmin de Souza" documento="982.157.080-13" cep="65773-064" endereco="Avenida Guilherme, 74. 430 Andar" bairro="Delatorre do Leste" cidade="Abgail d'Oeste" uf="PA" telefone="(31) 98789-9895" email="fernando.valentin@hotmail.com" ativo=""/>
	<torcedor nome="Srta. Alma Rocha Branco" documento="276.691.622-95" cep="69832-533" endereco="Largo Paulina Bezerra, 9. Anexo" bairro="Porto Giovana do Norte" cidade="Santa Emlio" uf="SE" telefone="(71) 2032-8302" email="carmona.julia@r7.com" ativo="1"/>
	<torcedor nome="Dr. Allison Seplveda" documento="044.171.182-05" cep="00727-931" endereco="Av. Soto, 20. Fundos" bairro="Elias do Leste" cidade="Lira do Norte" uf="AM" telefone="(11) 3877-9311" email="zjimenes@hotmail.com" ativo="1"/>
	<torcedor nome="Violeta Rios Sobrinho" documento="945.036.753-11" cep="39658-342" endereco="Largo Eduardo, 424" bairro="Barros do Norte" cidade="Porto Paulo" uf="TO" telefone="(61) 90603-7201" email="estevao.bittencourt@r7.com" ativo="1"/>
	<torcedor nome="Hernani Rios" documento="501.964.208-81" cep="67232-562" endereco="Avenida Padro, 39060" bairro="So Thiago" cidade="So Camilo" uf="MS" telefone="(24) 99648-2673" email="haragao@vieira.com" ativo=""/>
	<torcedor nome="Srta. Sophie Valdez Burgos Jr." documento="794.635.199-20" cep="94105-677" endereco="Largo Rangel, 84" bairro="Vila Jcomo do Norte" cidade="Santa Jorge do Leste" uf="RO" telefone="(44) 3172-6797" email="rivera.valeria@valdez.br" ativo=""/>
	<torcedor nome="Giovane Bezerra Jr." documento="454.065.682-13" cep="67421-012" endereco="Travessa Corts, 53941. Bloco A" bairro="Quintana do Leste" cidade="Allison d'Oeste" uf="MT" telefone="(16) 3806-2148" email="fvega@r7.com" ativo=""/>
	<torcedor nome="Sr. Srgio Pereira Neto" documento="625.163.899-06" cep="34662-227" endereco="Travessa Simon, 50628" bairro="Thiago d'Oeste" cidade="Franco d'Oeste" uf="DF" telefone="(38) 2910-7974" email="paulo.davila@branco.org" ativo="1"/>
	<torcedor nome="Sra. Clara Rafaela Neves" documento="410.314.417-35" cep="09783-387" endereco="Rua Salom Azevedo, 40696. 290 Andar" bairro="Sandoval d'Oeste" cidade="Vila Bianca" uf="MG" telefone="(97) 98435-2067" email="elozano@terra.com.br" ativo=""/>
	<torcedor nome="Srta. Ariadna Catarina Mars" documento="392.467.976-20" cep="39569-671" endereco="Avenida Antnio, 1674" bairro="Ortega d'Oeste" cidade="Vila Paula do Sul" uf="MG" telefone="(38) 4921-9936" email="erangel@pedrosa.com" ativo="1"/>
	<torcedor nome="Isadora Juliana Matias" documento="144.003.210-61" cep="00306-367" endereco="Travessa Ziraldo, 97400. 043 Andar" bairro="Vila Silvana d'Oeste" cidade="Porto Juliana do Sul" uf="MA" telefone="(84) 92563-5332" email="valeria.verdugo@hotmail.com" ativo=""/>
	<torcedor nome="Srta. Helena Dias" documento="277.742.112-92" cep="09854-779" endereco="Av. Alonso Correia, 8" bairro="Anderson d'Oeste" cidade="Henrique do Sul" uf="PR" telefone="(21) 90520-3649" email="xcarmona@dasneves.com" ativo="1"/>
	<torcedor nome="Bruno vila Lutero Neto" documento="301.240.649-22" cep="29622-268" endereco="R. Ortega, 095. Apto 1042" bairro="Samuel d'Oeste" cidade="Guilherme do Leste" uf="AM" telefone="(65) 4770-4015" email="zpaes@vila.com.br" ativo="1"/>
	<torcedor nome="Sra. Amlia Romero Jr." documento="031.296.012-36" cep="43070-834" endereco="R. Regina, 33305. 94 Andar" bairro="Vila Emanuel" cidade="Aguiar do Norte" uf="DF" telefone="(87) 98611-8393" email="helena.ferreira@uchoa.net.br" ativo="1"/>
	<torcedor nome="Giovana Guerra" documento="848.066.973-03" cep="30464-558" endereco="Rua Hortncia, 4" bairro="Ortiz do Leste" cidade="Abreu d'Oeste" uf="MT" telefone="(35) 2082-2377" email="clara.serra@soto.net" ativo="1"/>
	<torcedor nome="Sr. Lucas Feliciano" documento="220.242.520-95" cep="59322-121" endereco="Avenida Tbata Rodrigues, 6" bairro="Valentin do Leste" cidade="Santa Jlia" uf="SE" telefone="(46) 4645-8286" email="delgado.paula@salas.net.br" ativo=""/>
	<torcedor nome="Sra. Carolina Soares Neto" documento="647.754.114-97" cep="37729-836" endereco="Av. Christopher Salgado, 5483. F" bairro="Vila Abgail" cidade="Bonilha do Norte" uf="AC" telefone="(66) 90751-8932" email="camilo.marinho@ig.com.br" ativo=""/>
	<torcedor nome="Luis Ziraldo Maldonado" documento="270.968.866-21" cep="65717-394" endereco="R. Kevin, 319. Apto 1956" bairro="Porto Evandro do Leste" cidade="Porto Fbio" uf="MA" telefone="(93) 4478-5063" email="gabriel.rodrigues@yahoo.com" ativo=""/>
	<torcedor nome="Valentina Quintana Sobrinho" documento="609.813.920-24" cep="43124-764" endereco="Rua Joaquin Prado, 212. Fundos" bairro="Miguel d'Oeste" cidade="So Valentina do Norte" uf="CE" telefone="(99) 3792-8455" email="henrique25@dominato.com.br" ativo="1"/>
	<torcedor nome="Dr. Alonso Tamoio" documento="356.612.609-89" cep="97548-140" endereco="Rua Emiliano Beltro, 01. 5 Andar" bairro="Thales do Norte" cidade="So Matias do Leste" uf="SE" telefone="(24) 2817-3671" email="ffaria@padrao.com" ativo="1"/>
	<torcedor nome="Sra. Suzana Luciana Serrano Jr." documento="896.884.912-92" cep="42760-613" endereco="Rua Camacho, 32. Bc. 93 Ap. 39" bairro="Sabrina do Leste" cidade="Vila Allison do Norte" uf="RS" telefone="(68) 2848-3097" email="rocha.eduardo@gmail.com" ativo=""/>
	<torcedor nome="Sebastio Carlos Marinho Sobrinho" documento="272.190.470-10" cep="27308-156" endereco="Av. Fabiana, 80. Apto 1131" bairro="Porto Elias" cidade="So Simo" uf="AL" telefone="(85) 91960-8559" email="rangel.pedro@jimenes.org" ativo=""/>
	<torcedor nome="Srta. Micaela Gonalves Filho" documento="911.799.789-51" cep="98595-485" endereco="Travessa Ricardo, 3" bairro="So Regina" cidade="So Emanuel" uf="PR" telefone="(32) 97072-2514" email="ian23@hotmail.com" ativo="1"/>
	<torcedor nome="Dr. Sofia Ketlin Ramires Filho" documento="256.495.071-04" cep="20271-077" endereco="Rua Mait Marques, 2. Bloco C" bairro="Quintana do Leste" cidade="Corona do Norte" uf="CE" telefone="(13) 90618-0673" email="elias60@r7.com" ativo=""/>
	<torcedor nome="Sra. Elizabeth Toledo Paz" documento="435.864.110-57" cep="64474-350" endereco="Largo Santiago, 92748. Bloco A" bairro="Santa Mximo" cidade="Porto Joana d'Oeste" uf="PA" telefone="(43) 4951-4368" email="ferreira.anderson@uol.com.br" ativo="1"/>
	<torcedor nome="Dr. Amanda Fonseca Sobrinho" documento="542.540.629-07" cep="22488-717" endereco="R. Miguel, 941" bairro="Amlia do Leste" cidade="Joo do Leste" uf="SP" telefone="(77) 93297-1465" email="leal.joao@deaguiar.org" ativo="1"/>
	<torcedor nome="Jorge Vila Ramos" documento="340.173.383-48" cep="57855-029" endereco="Avenida da Rosa, 2" bairro="Santa Ashley" cidade="Vila Sabrina do Norte" uf="RO" telefone="(19) 95875-4649" email="cristovao96@leal.net" ativo="1"/>
	<torcedor nome="Dr. Samanta Renata Chaves" documento="834.881.326-84" cep="58136-468" endereco="Travessa Pacheco, 0049" bairro="Catarina do Sul" cidade="Vila Amlia" uf="BA" telefone="(81) 2450-0382" email="noeli.fidalgo@santiago.com" ativo="1"/>
</torcedores>
